"ID";"TPUName";"global_id";"AdmArea";"District";"NearStation";"YearOfComissioning";"Status";"AvailableTransfer";"CarCapacity";"geodata_center";"geoarea";
"Локальный идентификатор";"Наименование транспортно-пересадочного узла";"global_id";"Административный округ по адресу";"Район";"Станция метро или платформа, возле которой находится ТПУ";"Год ввода в эксплуатацию";"Статус объекта";"Возможность пересадки";"Количество машиномест";"geodata_center";"geoarea";
"96";"Транспортно-пересадочный узел «Сортировочная» (п)";"1769845";"Юго-Восточный административный округ";"район Лефортово";"платформа «Сортировочная»";"2014";"проект";"пригородная железная дорога";"";"";"";
"97";"Транспортно-пересадочный узел «Фрезер» (п)";"1769846";"Юго-Восточный административный округ";"Нижегородский район";"платформа «Фрезер»";"2014";"построен";"пригородная железная дорога";"45";"";"";
"98";"Транспортно-пересадочный узел «Чухлинка» (п)";"1769847";"Юго-Восточный административный округ";"Рязанский район";"платформа «Чухлинка»";"2014";"построен";"пригородная железная дорога";"";"";"";
"99";"Транспортно-пересадочный узел «Братиславская» (п)";"1769848";"Юго-Восточный административный округ";"район Марьино";"станция метро «Братиславская»";"2015";"построен";"метро; перехватывающая парковка";"320";"";"";
"100";"Транспортно-пересадочный узел «Волжская» (п)";"1769849";"Юго-Восточный административный округ";"район Люблино";"станция метро «Волжская»";"2014";"построен";"метро; перехватывающая парковка";"240";"";"";
"101";"Транспортно-пересадочный узел «Депо» (п)";"1769850";"Юго-Восточный административный округ";"район Печатники";"платформа «Депо»";"2014";"построен";"пригородная железная дорога";"45";"";"";
"102";"Транспортно-пересадочный узел «Дубровка» (п)";"1769851";"Юго-Восточный административный округ";"Южнопортовый район";"станция метро «Дубровка»";"2014";"проект";"метро";"";"";"";
"103";"Транспортно-пересадочный узел «Калитники» (п)";"1769852";"Юго-Восточный административный округ";"Нижегородский район";"платформа «Калитники»";"2014";"построен";"пригородная железная дорога";"";"";"";
"104";"Транспортно-пересадочный узел «Карачарово» (п)";"1769853";"Юго-Восточный административный округ";"Нижегородский район";"платформа «Карачарово»";"2014";"построен";"пригородная железная дорога";"";"";"";
"105";"Транспортно-пересадочный узел «Кожуховская» (п)";"1769854";"Юго-Восточный административный округ";"Южнопортовый район";"станция метро «Кожуховская»";"2014";"построен";"метро; перехватывающая парковка";"120";"";"";
"106";"Транспортно-пересадочный узел «Люблино» (п) (3)";"1769855";"Юго-Восточный административный округ";"район Печатники";"платформа «Люблино»";"2014";"построен";"пригородная железная дорога";"85";"";"";
"107";"Транспортно-пересадочный узел «Марьино» (к)";"1769856";"Юго-Восточный административный округ";"район Марьино";"станция метро «Марьино»";"2018";"проект";"Метро; перехватывающая парковка";"230";"";"";
"108";"Транспортно-пересадочный узел «Москва-Товарная-Павелецкая» (п)";"1769857";"Южный административный округ";"Даниловский район";"платформа «Москва-Товарная-Павелецкая»";"2014";"построен";"пригородная железная дорога";"";"";"";
"109";"Транспортно-пересадочный узел «Перерва» (п)";"1769858";"Юго-Восточный административный округ";"район Печатники";"платформа «Перерва»";"2014";"построен";"пригородная железная дорога";"113";"";"";
"110";"Транспортно-пересадочный узел «Печатники» (п)";"1769859";"Юго-Восточный административный округ";"район Печатники";"станция метро «Печатники»";"2015";"построен";"метро; перехватывающая парковка; пригородная железная дорога";"160";"";"";
"111";"Транспортно-пересадочный узел «Плющево» (п)";"1769860";"Юго-Восточный административный округ";"Рязанский район";"платформа «Плющево»";"2014";"проект";"пригородная железная дорога";"";"";"";
"112";"Транспортно-пересадочный узел «Профсоюзная» (п)";"1769861";"Юго-Западный административный округ";"Академический район";"станция метро «Профсоюзная»";"2015";"построен";"метро; перехватывающая парковка";"500";"";"";
"113";"Транспортно-пересадочный узел «Севастопольская»";"1769862";"Юго-Западный административный округ";"район Зюзино";"станция метро «Севастопольская»";"2014";"построен";"метро";"110";"";"";
"114";"Транспортно-пересадочный узел «Улица Скобелевская» (п)";"1769863";"Юго-Западный административный округ";"район Южное Бутово";"станция метро «Улица Скобелевская»";"2014";"построен";"метро";"80";"";"";
"115";"Транспортно-пересадочный узел «Улица Горчакова» (п)";"1769864";"Юго-Западный административный округ";"район Южное Бутово";"станция метро «Улица Горчакова»";"2014";"построен";"метро";"52";"";"";
"116";"Транспортно-пересадочный узел «Академическая» (п)";"1769865";"Юго-Западный административный округ";"Академический район";"станция метро «Академическая»";"2015";"построен";"метро; перехватывающая парковка";"260";"";"";
"117";"Транспортно-пересадочный узел «Беляево» (п)";"1769866";"Юго-Западный административный округ";"район Коньково";"станция метро «Беляево»";"2015";"построен";"метро; перехватывающая парковка";"275";"";"";
"118";"Транспортно-пересадочный узел «Бульвар адмирала Ушакова» (п)";"1769867";"Юго-Западный административный округ";"район Южное Бутово";"станция метро «Бульвар адмирала Ушакова»";"2014";"построен";"метро";"95";"";"";
"119";"Транспортно-пересадочный узел «Бунинская аллея» (п)";"1769868";"Юго-Западный административный округ";"район Южное Бутово";"станция метро «Бунинская аллея»";"2014";"проект";"метро";"";"";"";
"120";"Транспортно-пересадочный узел «Бутово» (п)";"1769869";"Юго-Западный административный округ";"район Южное Бутово";"платформа «Бутово»";"2014";"построен";"пригородная железная дорога";"50";"";"";
"121";"Транспортно-пересадочный узел «Калужская» (п)";"1769870";"Юго-Западный административный округ";"Обручевский район";"станция метро «Калужская»";"2015";"построен";"метро; перехватывающая парковка";"121";"";"";
"67";"Транспортно-пересадочный узел «Достоевская» (п)";"1769871";"Центральный административный округ";"Тверской район";"станция метро «Достоевская»";"2014";"построен";"метро";"";"";"";
"68";"Транспортно-пересадочный узел «Китай-город» (п)";"1769872";"Центральный административный округ";"Тверской район";"станция метро «Китай-город»";"2014";"построен";"метро";"10";"";"";
"69";"Транспортно-пересадочный узел «Краснопресненская» (п)";"1769873";"Центральный административный округ";"Пресненский район";"станция метро «Краснопресненская»";"2014";"построен";"метро";"83";"";"";
"70";"Транспортно-пересадочный узел «Красносельская» (п)";"1769874";"Центральный административный округ";"Красносельский район";"станция метро «Красносельская»";"2014";"построен";"метро";"";"";"";
"71";"Транспортно-пересадочный узел «Красные ворота» (п)";"1769875";"Центральный административный округ";"Басманный район";"станция метро «Красные ворота»";"2014";"построен";"метро";"52";"";"";
"72";"Транспортно-пересадочный узел «Лубянка» (п)";"1769876";"Центральный административный округ";"Тверской район";"станция метро «Лубянка»";"2014";"построен";"метро";"";"";"";
"73";"Транспортно-пересадочный узел «Лужники» (п)";"1769877";"Центральный административный округ";"район Хамовники";"станция метро «Спортивная»";"2014";"построен";"метро; московское центральное кольцо";"";"";"";
"74";"Транспортно-пересадочный узел «Маяковская» (п)";"1769878";"Центральный административный округ";"Тверской район";"станция метро «Маяковская»";"2014";"построен";"метро";"";"";"";
"75";"Транспортно-пересадочный узел «Новокузнецкая» (п)";"1769879";"Центральный административный округ";"район Замоскворечье";"станция метро «Новокузнецкая»";"2014";"построен";"метро";"";"";"";
"76";"Транспортно-пересадочный узел «Новослободская» (п)";"1769880";"Центральный административный округ";"Тверской район";"станция метро «Новослободская»";"2014";"построен";"метро";"39";"";"";
"77";"Транспортно-пересадочный узел «Октябрьская» (п)";"1769881";"Центральный административный округ";"район Якиманка";"станция метро «Октябрьская»";"2014";"построен";"метро";"";"";"";
"78";"Транспортно-пересадочный узел «Охотный ряд» (п)";"1769882";"Центральный административный округ";"Тверской район";"станция метро «Охотный ряд»";"2014";"построен";"метро";"";"";"";
"79";"Транспортно-пересадочный узел «Парк Культуры» (п)";"1769883";"Центральный административный округ";"район Хамовники";"станция метро «Парк культуры»";"2014";"построен";"метро";"44";"";"";
"80";"Транспортно-пересадочный узел «Полянка» (п)";"1769884";"Центральный административный округ";"район Якиманка";"станция метро «Полянка»";"2014";"построен";"метро";"";"";"";
"81";"Транспортно-пересадочный узел «Тульская» (п)";"1769885";"Южный административный округ";"Даниловский район";"станция метро «Тульская»";"2014";"построен";"метро";"257";"";"";
"82";"Транспортно-пересадочный узел «Улица Академика Янгеля» (п)";"1769886";"Южный административный округ";"район Чертаново Южное";"станция метро «Улица Академика Янгеля»";"2015";"построен";"метро; перехватывающая парковка";"410";"";"";
"83";"Транспортно-пересадочный узел «Чертаново» (п)";"1769887";"Южный административный округ";"район Царицыно";"платформа «Чертаново»";"2014";"построен";"пригородная железная дорога";"117";"";"";
"84";"Транспортно-пересадочный узел «Чертановская» (п)";"1769888";"Южный административный округ";"район Чертаново Северное";"станция метро «Чертановская»";"2014";"построен";"метро";"294";"";"";
"85";"Транспортно-пересадочный узел «Шаболовская» (п)";"1769889";"Южный административный округ";"Донской район";"станция метро «Шаболовская»";"2014";"проект";"метро";"";"";"";
"86";"Транспортно-пересадочный узел «Шипиловская» (п)";"1769890";"Южный административный округ";"район Зябликово";"станция метро «Шипиловская»";"2014";"построен";"метро; перехватывающая парковка";"230";"";"";
"87";"Транспортно-пересадочный узел «Южная» (п)";"1769891";"Южный административный округ";"район Чертаново Северное";"станция метро «Южная»";"2014";"проект";"метро; перехватывающая парковка";"200";"";"";
"88";"Транспортно-пересадочный узел «Автозаводская» (п)";"1769892";"Южный административный округ";"Даниловский район";"станция метро «Автозаводская»";"2014";"построен";"метро; московское центральное кольцо";"";"";"";
"89";"Транспортно-пересадочный узел «Борисово» (п)";"1769893";"Южный административный округ";"район Братеево";"станция метро «Борисово»";"2014";"построен";"метро; перехватывающая парковка";"500";"";"";
"90";"Транспортно-пересадочный узел «Кантемировская» (п)";"1769894";"Южный административный округ";"район Царицыно";"станция метро «Кантемировская»";"2015";"построен";"метро; перехватывающая парковка";"220";"";"";
"91";"Транспортно-пересадочный узел «Каширская» (п)";"1769895";"Южный административный округ";"район Нагатино-Садовники";"станция метро «Каширская»";"2015";"построен";"метро; перехватывающая парковка";"500";"";"";
"92";"Транспортно-пересадочный узел «Коломенская» (п)";"1769896";"Южный административный округ";"район Нагатинский Затон";"станция метро «Коломенская»";"2014";"построен";"метро";"";"";"";
"93";"Транспортно-пересадочный узел «Красный строитель» (п)";"1769897";"Южный административный округ";"район Чертаново Южное";"платформа «Красный строитель»";"2014";"построен";"пригородная железная дорога";"60";"";"";
"94";"Транспортно-пересадочный узел «Нагорная» (п)";"1769898";"Южный административный округ";"Нагорный район";"станция метро «Нагорная»";"2014";"построен";"метро; перехватывающая парковка";"240";"";"";
"95";"Транспортно-пересадочный узел «Пражская» (п)";"1769899";"Южный административный округ";"район Чертаново Центральное";"станция метро «Пражская»";"2014";"построен";"метро";"";"";"";
"126";"Транспортно-пересадочный узел «Савёловская»";"1769900";"Северо-Восточный административный округ";"Бутырский район";"станция метро «Савёловская»";"2018";"проект";"Метро, станция железной дороги";"35";"";"";
"127";"Транспортно-пересадочный узел «Долгопрудная» (п)";"1769901";"Северо-Восточный административный округ";"район Северный";"платформа «Долгопрудная»";"2014";"построен";"пригородная железная дорога";"";"";"";
"128";"Транспортно-пересадочный узел «Планерная» (2)";"1769902";"Северный административный округ";"Молжаниновский район";"платформа «Планерная»";"2014";"проект";"пригородная железная дорога";"";"";"";
"131";"Транспортно-пересадочный узел «Москва-Товарная-Курская» (п)";"1769905";"Центральный административный округ";"Таганский район";"платформа «Москва Товарная - Курская»";"2014";"построен";"пригородная железная дорога";"110";"";"";
"132";"Транспортно-пересадочный узел «Бибирево» (п)";"1769906";"Северо-Восточный административный округ";"район Бибирево";"станция метро «Бибирево»";"2013";"построен";"метро; перехватывающая парковка";"450";"";"";
"133";"Транспортно-пересадочный узел «Ясенево» (п)";"1769907";"Юго-Западный административный округ";"район Ясенево";"станция метро «Ясенево»";"2013";"построен";"метро; перехватывающая парковка";"200";"";"";
"134";"Транспортно-пересадочный узел «Лианозово» (п)";"1769908";"Северо-Восточный административный округ";"район Лианозово";"платформа «Лианозово»";"2013";"построен";"пригородная железная дорога";"";"";"";
"135";"Транспортно-пересадочный узел «Домодедовская» (п)";"1769909";"Южный административный округ";"район Орехово-Борисово Южное";"станция метро «Домодедовская»";"2013";"построен";"метро; перехватывающая парковка";"180";"";"";
"136";"Транспортно-пересадочный узел «Царицыно» (п)";"1769910";"Южный административный округ";"район Царицыно";"станция метро «Царицыно»";"2013";"построен";"метро; пригородная железная дорога; перехватывающая парковка";"470";"";"";
"137";"Транспортно-пересадочный узел «Бульвар Дмитрия Донского» (п)";"1769911";"Юго-Западный административный округ";"район Северное Бутово";"станция метро «Бульвар Дмитрия Донского»";"2013";"построен";"метро";"";"";"";
"122";"Транспортно-пересадочный узел «Коньково» (п)";"1769912";"Юго-Западный административный округ";"район Тёплый Стан";"станция метро «Коньково»";"2014";"построен";"метро; перехватывающая парковка";"";"";"";
"123";"Транспортно-пересадочный узел «Нахимовский проспект» (п)";"1769913";"Юго-Западный административный округ";"район Зюзино";"станция метро «Нахимовский проспект»";"2014";"построен";"метро";"";"";"";
"124";"Транспортно-пересадочный узел «Площадь Гагарина» (п)";"1769914";"Юго-Западный административный округ";"Гагаринский район";"станция метро «Ленинский проспект»";"2014";"построен";"Наземный городской пассажирский транспорт; метро; московское центральное кольцо";"";"";"";
"138";"Транспортно-пересадочный узел «Рязанская» (к)";"1769916";"Юго-Восточный административный округ";"Нижегородский район";"станция метро «Нижегородская улица»";"2020";"проект";"Метро; станция московской кольцевой железной дороги; перехватывающая парковка; станция железной дороги";"500";"";"";
"139";"Транспортно-пересадочный узел «Площадь Гагарина» (к)";"1769917";"Юго-Западный административный округ";"Гагаринский район";"станция метро «Ленинский проспект»";"2020";"строится";"Наземный городской пассажирский транспорт, метро";"638";"";"";
"144";"Транспортно-пересадочный узел «Кутузово» (к)";"1769922";"Западный административный округ";"район Дорогомилово";"станция метро «Кутузовская»";"2020";"строится";"Наземный городской пассажирский транспорт, метро";"";"";"";
"145";"Транспортно-пересадочный узел «Лужники» (к)";"1769923";"Центральный административный округ";"район Хамовники";"станция метро «Спортивная»";"2020";"строится";"Наземный городской пассажирский транспорт, метро";"";"";"";
"36";"Транспортно-пересадочный узел «Марьина Роща» (к)";"1769925";"Северо-Восточный административный округ";"район Марьина Роща";"станция метро «Марьина Роща»";"2019";"проект";"Метро; перехватывающая парковка";"190";"";"";
"37";"Транспортно-пересадочный узел «Москва 3» (п)";"1769926";"Северо-Восточный административный округ";"Алексеевский район";"платформа «Москва-3»";"2014";"построен";"пригородная железная дорога";"";"";"";
"38";"Транспортно-пересадочный узел «Москва-Станколит» (п)";"1769927";"Северо-Восточный административный округ";"район Марьина Роща";"платформа «Москва-Станколит»";"2014";"построен";"пригородная железная дорога";"";"";"";
"39";"Транспортно-пересадочный узел «Останкино» (п)";"1769928";"Северо-Восточный административный округ";"район Марфино";"платформа «Останкино»";"2014";"построен";"пригородная железная дорога";"";"";"";
"40";"Транспортно-пересадочный узел «Строгино» (п)";"1769929";"Северо-Западный административный округ";"район Строгино";"станция метро «Строгино»";"2014";"построен";"метро; перехватывающая парковка";"700";"";"";
"41";"Транспортно-пересадочный узел «Трикотажная» (п)";"1769930";"Северо-Западный административный округ";"район Южное Тушино";"платформа «Трикотажная»";"2014";"построен";"пригородная железная дорога";"20";"";"";
"42";"Транспортно-пересадочный узел «Волоколамская» (к) (2)";"1769931";"Северо-Западный административный округ";"район Митино";"станция метро «Волоколамская»";"2018";"проект";"Метро, перехватывающая парковка, станция железной дороги";"";"";"";
"43";"Транспортно-пересадочный узел «Митино» (п)";"1769932";"Северо-Западный административный округ";"район Митино";"станция метро «Митино»";"2014";"построен";"метро";"";"";"";
"44";"Транспортно-пересадочный узел «Октябрьское поле» (п)";"1769933";"Северо-Западный административный округ";"район Щукино";"станция метро «Октябрьское поле»";"2014";"построен";"метро; перехватывающая парковка";"400";"";"";
"45";"Транспортно-пересадочный узел «Планерная» (п)";"1769934";"Северо-Западный административный округ";"район Северное Тушино";"станция метро «Планерная»";"2014";"построен";"метро; перехватывающая парковка";"30";"";"";
"46";"Транспортно-пересадочный узел «Покровское-Стрешнево» (п)";"1769935";"Северо-Западный административный округ";"район Покровское-Стрешнево";"платформа «Покровское-Стрешнево»";"2014";"проект";"пригородная железная дорога";"";"";"";
"6";"Транспортно-пересадочный узел «Вешняки» (п)";"1769937";"Юго-Восточный административный округ";"Рязанский район";"платформа «Вешняки»";"2014";"построен";"пригородная железная дорога";"";"";"";
"16";"Транспортно-пересадочный узел «Багратионовская» (п)";"1769938";"Западный административный округ";"район Филёвский Парк";"станция метро «Багратионовская»";"2014";"построен";"метро";"430";"";"";
"17";"Транспортно-пересадочный узел «Крылатское» (п)";"1769939";"Западный административный округ";"район Крылатское";"станция метро «Крылатское»";"2014";"построен";"метро; перехватывающая парковка";"350";"";"";
"19";"Транспортно-пересадочный узел «Переделкино» (п)";"1769941";"Западный административный округ";"район Ново-Переделкино";"платформа «Переделкино»";"2014";"построен";"пригородная железная дорога; перехватывающая парковка";"55";"";"";
"20";"Транспортно-пересадочный узел «Алабушево» (п)";"1769942";"Зеленоградский административный округ";"район Силино";"платформа «Алабушево»";"2014";"проект";"пригородная железная дорога";"";"";"";
"47";"Транспортно-пересадочный узел «Пролетарская» (п)";"1769943";"Центральный административный округ";"Таганский район";"станция метро «Пролетарская»";"2014";"построен";"метро";"41";"";"";
"48";"Транспортно-пересадочный узел «Проспект Мира» (п)";"1769944";"Центральный административный округ";"Мещанский район";"станция метро «Проспект Мира»";"2014";"построен";"метро";"30";"";"";
"49";"Транспортно-пересадочный узел «Рижская» (п) (1)";"1769945";"Центральный административный округ";"Мещанский район";"платформа «Рижская»";"2014";"построен";"Станция железной дороги";"";"";"";
"50";"Транспортно-пересадочный узел «Рижская» (к)";"1769946";"Центральный административный округ";"Мещанский район";"станция метро «Рижская»";"2019";"проект";"Метро; станция железной дороги";"107";"";"";
"51";"Транспортно-пересадочный узел «Рижская» (п) (2)";"1769947";"Центральный административный округ";"Мещанский район";"станция метро «Рижская»";"2018";"проект";"Метро; станция железной дороги";"";"";"";
"52";"Транспортно-пересадочный узел «Смоленская» (п)";"1769948";"Центральный административный округ";"район Арбат";"станция метро «Смоленская» Филёвской линии";"2014";"построен";"метро";"";"";"";
"53";"Транспортно-пересадочный узел «Сухаревская» (п)";"1769949";"Центральный административный округ";"Красносельский район";"станция метро «Сухаревская»";"2014";"построен";"метро";"47";"";"";
"54";"Транспортно-пересадочный узел «Тверская» (п)";"1769950";"Центральный административный округ";"Тверской район";"станция метро «Тверская»";"2014";"построен";"метро";"";"";"";
"55";"Транспортно-пересадочный узел «Тестовская» (п)";"1769951";"Центральный административный округ";"Пресненский район";"платформа «Тестовская»";"2014";"построен";"пригородная железная дорога";"";"";"";
"57";"Транспортно-пересадочный узел «Фрунзенская» (п)";"1769953";"Центральный административный округ";"район Хамовники";"станция метро «Фрунзенская»";"2014";"построен";"метро";"53";"";"";
"58";"Транспортно-пересадочный узел «Цветной бульвар» (п)";"1769954";"Центральный административный округ";"Тверской район";"станция метро «Цветной бульвар»";"2014";"построен";"метро";"8";"";"";
"59";"Транспортно-пересадочный узел «Чистые пруды» (п)";"1769955";"Центральный административный округ";"Басманный район";"станция метро «Чистые пруды»";"2014";"построен";"метро";"75";"";"";
"60";"Транспортно-пересадочный узел «Арбатская» (п)";"1769956";"Центральный административный округ";"район Арбат";"станция метро «Арбатская» Филёвской линии";"2014";"построен";"метро";"";"";"";
"61";"Транспортно-пересадочный узел «Бауманская» (п)";"1769957";"Центральный административный округ";"Басманный район";"станция метро «Бауманская»";"2014";"построен";"метро";"40";"";"";
"62";"Транспортно-пересадочный узел «Беговая» (п)";"1769958";"Северный административный округ";"Хорошёвский район";"станция метро «Беговая»";"2014";"построен";"метро; пригородная железная дорога";"";"";"";
"63";"Транспортно-пересадочный узел «Библиотека имени Ленина» (п)";"1769959";"Центральный административный округ";"район Арбат";"станция метро «Библиотека имени Ленина»";"2014";"построен";"метро";"";"";"";
"64";"Транспортно-пересадочный узел «Волхонка» (п)";"1769960";"Центральный административный округ";"район Хамовники";"станция метро «Кропоткинская»";"2014";"построен";"метро";"";"";"";
"65";"Транспортно-пересадочный узел «Выставочная» (п)";"1769961";"Центральный административный округ";"Пресненский район";"станция метро «Выставочная»";"2014";"построен";"метро";"";"";"";
"66";"Транспортно-пересадочный узел «Добрынинская» (п)";"1769962";"Центральный административный округ";"район Замоскворечье";"станция метро «Добрынинская»";"2014";"построен";"метро";"26";"";"";
"238";"Транспортно-пересадочный узел «Хорошевская» (к)";"1769963";"Северный административный округ";"Хорошёвский район";"станция метро «Полежаевская»";"2019";"проект";"метро";"";"";"";
"239";"Транспортно-пересадочный узел «Коньково» (к)";"1769964";"Юго-Западный административный округ";"район Тёплый Стан";"станция метро «Коньково»";"2018";"проект";"Метро; перехватывающая парковка";"300";"";"";
"7";"Транспортно-пересадочный узел «Измайловская» (п)";"1769965";"Восточный административный округ";"район Измайлово";"станция метро «Измайловская»";"2014";"построен";"метро; перехватывающая парковка";"480";"";"";
"8";"Транспортно-пересадочный узел «Измайловский парк» (п)";"1769966";"Восточный административный округ";"район Измайлово";"станция метро «Партизанская»";"2014";"построен";"метро; московское центральное кольцо; автовокзал";"45";"";"";
"9";"Транспортно-пересадочный узел «Открытое шоссе» (п)";"1769967";"Восточный административный округ";"район Богородское";"станция метро «Бульвар Рокоссовского»";"2014";"построен";"метро; московское центральное кольцо";"400";"";"";
"10";"Транспортно-пересадочный узел «Первомайская» (п)";"1769968";"Восточный административный округ";"район Измайлово";"станция метро «Первомайская»";"2014";"построен";"метро";"";"";"";
"11";"Транспортно-пересадочный узел «Перово» (п) (1)";"1769969";"Восточный административный округ";"район Перово";"платформа «Перово»";"2014";"построен";"пригородная железная дорога";"179";"";"";
"13";"Транспортно-пересадочный узел «Солнечная» (п)";"1769971";"Западный административный округ";"район Солнцево";"платформа «Солнечная»";"2014";"построен";"пригородная железная дорога";"30";"";"";
"1";"Транспортно-пересадочный узел «Преображенская площадь» (п)";"1769972";"Восточный административный округ";"район Преображенское";"станция метро «Преображенская площадь»";"2015";"проект";"метро; перехватывающая парковка";"330";"";"";
"2";"Транспортно-пересадочный узел «Сокольники» (п)";"1769973";"Восточный административный округ";"район Сокольники";"станция метро «Сокольники»";"2014";"построен";"метро; перехватывающая парковка";"";"";"";
"3";"Транспортно-пересадочный узел «Ухтомская» (п)";"1769974";"Восточный административный округ";"район Косино-Ухтомский";"платформа «Ухтомская»";"2014";"построен";"пригородная железная дорога";"132";"";"";
"4";"Транспортно-пересадочный узел «Черкизово» (п)";"1769975";"Восточный административный округ";"район Преображенское";"станция метро «Черкизовская»";"2014";"построен";"метро; московское центральное кольцо; перехватывающая парковка";"826";"";"";
"14";"Транспортно-пересадочный узел «Университет» (к)";"1769976";"Юго-Западный административный округ";"Гагаринский район";"станция метро «Университет»";"2018";"проект";"метро; перехватывающая парковка";"30";"";"";
"15";"Транспортно-пересадочный узел «Юго-Западная» (п)";"1769977";"Западный административный округ";"район Тропарёво-Никулино";"станция метро «Юго-Западная»";"2014";"построен";"метро; автовокзал; перехватывающая парковка";"210";"";"";
"150";"Транспортно-пересадочный узел «Андроновка»";"1769981";"Юго-Восточный административный округ";"Нижегородский район";"платформа «Андроновка»";"2015";"проект";"московское центральное кольцо; наземный городской транспорт; перехватывающая парковка";"60";"";"";
"151";"Транспортно-пересадочный узел «Новохохловская»";"1769982";"Юго-Восточный административный округ";"Нижегородский район";"платформа строится";"2015";"проект";"московское центральное кольцо; наземный городской транспорт; перехватывающая парковка; пригородная железная дорога";"120";"";"";
"152";"Транспортно-пересадочный узел «Волгоградская»";"1769983";"Юго-Восточный административный округ";"район Печатники";"платформа «Угрешская»";"2015";"проект";"московское центральное кольцо; наземный городской транспорт";"";"";"";
"156";"Транспортно-пересадочный узел «Севастопольский проспект» (к) (1)";"1769987";"Южный административный округ";"Нагорный район";"платформа «Севастопольский проспект»";"2020";"строится";"Наземный городской пассажирский транспорт";"";"";"";
"157";"Транспортно-пересадочный узел «Ярославская» (к)";"1769988";"Северо-Восточный административный округ";"Ярославский район";"платформа «Ярославская»";"2020";"строится";"Наземный городской пассажирский транспорт, Ярославское направление железной дороги";"";"";"";
"159";"Транспортно-пересадочный узел «Волоколамская» (1)";"1769990";"Северный административный округ";"район Сокол";"платформа строится";"2015";"проект";"московское центральное кольцо; наземный городской транспорт; пригородная железная дорога";"";"";"";
"160";"Транспортно-пересадочный узел «Окружная» (к)";"1769991";"Северный административный округ";"Тимирязевский район";"платформа «Окружная»";"2018";"строится";"Наземный городской пассажирский транспорт, Савеловское направление железной дороги";"";"";"";
"161";"Транспортно-пересадочный узел «Соколиная Гора»";"1769992";"Восточный административный округ";"район Соколиная Гора";"платформа строится";"2015";"проект";"московское центральное кольцо; наземный городской транспорт; перехватывающая парковка";"800";"";"";
"162";"Транспортно-пересадочный узел «Ходынка»";"1769993";"Северный административный округ";"район Сокол";"платформа строится";"2015";"проект";"московское центральное кольцо; наземный городской транспорт";"";"";"";
"163";"Транспортно-пересадочный узел «Дубровка» (2)";"1769994";"Юго-Восточный административный округ";"Южнопортовый район";"платформа «Угрешская»";"2015";"проект";"московское центральное кольцо; наземный городской транспорт";"";"";"";
"164";"Транспортно-пересадочный узел «Варшавское шоссе»";"1769995";"Южный административный округ";"Нагорный район";"платформа строится";"2015";"проект";"московское центральное кольцо; наземный городской транспорт; перехватывающая парковка; пригородная железная дорога";"100";"";"";
"165";"Транспортно-пересадочный узел «Пресня»";"1769996";"Северо-Западный административный округ";"район Хорошёво-Мнёвники";"платформа строится";"2015";"проект";"московское центральное кольцо; наземный городской транспорт";"";"";"";
"166";"Транспортно-пересадочный узел «Хорошёво»";"1769997";"Северный административный округ";"Хорошёвский район";"платформа строится";"2015";"проект";"московское центральное кольцо; наземный городской транспорт";"";"";"";
"167";"Транспортно-пересадочный узел «Новопесчаная»";"1769998";"Северный административный округ";"Хорошёвский район";"платформа строится";"2015";"проект";"московское центральное кольцо; наземный городской транспорт; перехватывающая парковка";"";"";"";
"168";"Транспортно-пересадочный узел «Белокаменная»";"1769999";"Восточный административный округ";"район Богородское";"платформа строится";"2015";"проект";"московское центральное кольцо; наземный городской транспорт";"";"";"";
"21";"Транспортно-пересадочный узел «Крюково» (п)";"1770001";"Зеленоградский административный округ";"район Крюково";"платформа «Крюково»";"2014";"построен";"пригородная железная дорога";"";"";"";
"22";"Транспортно-пересадочный узел «Малино» (п)";"1770002";"Зеленоградский административный округ";"район Старое Крюково";"платформа «Малино»";"2014";"построен";"пригородная железная дорога";"16";"";"";
"23";"Транспортно-пересадочный узел «Аэропорт» (п)";"1770003";"Северный административный округ";"район Аэропорт";"станция метро «Аэропорт»";"2014";"построен";"метро; перехватывающая парковка";"100";"";"";
"25";"Транспортно-пересадочный узел «Красный Балтиец» (п)";"1770005";"Северный административный округ";"район Коптево";"платформа «Красный Балтиец»";"2014";"построен";"пригородная железная дорога";"";"";"";
"26";"Транспортно-пересадочный узел «Марк» (п)";"1770006";"Северо-Восточный административный округ";"район Лианозово";"платформа «Марк»";"2014";"построен";"пригородная железная дорога";"90";"";"";
"27";"Транспортно-пересадочный узел «Моссельмаш» (с)";"1770007";"Северный административный округ";"район Западное Дегунино";"платформа «Моссельмаш»";"2014";"построен";"пригородная железная дорога";"53";"";"";
"29";"Транспортно-пересадочный узел «Новоподрезково» (п)";"1770009";"Северный административный округ";"Молжаниновский район";"платформа «Новоподрезково»";"2014";"построен";"пригородная железная дорога";"102";"";"";
"30";"Транспортно-пересадочный узел «Петровский парк» (п)";"1770010";"Северный административный округ";"район Аэропорт";"станция метро «Петровский парк»";"2015";"проект";"метро; перехватывающая парковка";"300";"";"";
"31";"Транспортно-пересадочный узел «Свиблово» (п)";"1770011";"Северо-Восточный административный округ";"район Свиблово";"станция метро «Свиблово»";"2014";"построен";"метро; перехватывающая парковка";"660";"";"";
"32";"Транспортно-пересадочный узел «Яуза» (п)";"1770012";"Северо-Восточный административный округ";"район Ростокино";"платформа «Яуза»";"2014";"построен";"пригородная железная дорога";"14";"";"";
"33";"Транспортно-пересадочный узел «Алексеевская» (п)";"1770013";"Северо-Восточный административный округ";"Останкинский район";"станция метро «Алексеевская»";"2014";"построен";"метро; перехватывающая парковка";"390";"";"";
"34";"Транспортно-пересадочный узел «Ботанический Сад» (п)";"1770014";"Северо-Восточный административный округ";"район Свиблово";"станция метро «Ботанический сад»";"2014";"построен";"метро; московское центральное кольцо; перехватывающая парковка";"200";"";"";
"35";"Транспортно-пересадочный узел «Владыкино» (п)";"1770015";"Северо-Восточный административный округ";"район Марфино";"станция метро «Владыкино»";"2014";"построен";"метро; московское центральное кольцо; перехватывающая парковка";"";"";"";
"186";"Транспортно-пересадочный узел «Мневники»";"1770016";"Северо-Западный административный округ";"район Хорошёво-Мнёвники";"станция метро «Мнёвники»";"2019";"проект";"метро";"";"";"";
"187";"Транспортно-пересадочный узел «улица Народного Ополчения» (к)";"1770017";"Северо-Западный административный округ";"район Хорошёво-Мнёвники";"станция метро «улица Народного Ополчения»";"2020";"проект";"метро";"";"";"";
"188";"Транспортно-пересадочный узел «Кленовый Бульвар» (к)";"1770018";"Южный административный округ";"район Нагатинский Затон";"станция метро «Нагатинский затон»";"2019";"проект";"метро";"";"";"";
"190";"Транспортно-пересадочный узел «Мичуринский проспект» (к)";"1770020";"Западный административный округ";"район Раменки";"станция метро «Мичуринский проспект»";"2020";"проект";"метро; перехватывающая парковка";"390";"";"";
"192";"Транспортно-пересадочный узел «Селигерская улица» (к)";"1770022";"Северный административный округ";"Бескудниковский район";"станция метро «Селигерская улица»";"2019";"проект";"Метро; перехватывающая парковка; автовокзал";"870";"";"";
"195";"Транспортно-пересадочный узел «Фонвизинская» (к)";"1770025";"Северный административный округ";"Тимирязевский район";"станция метро «Фонвизинская»";"2019";"проект";"метро";"";"";"";
"199";"Транспортно-пересадочный узел «Улица Дмитриевского » (к)";"1770029";"Восточный административный округ";"район Косино-Ухтомский";"станция метро «Улица Дмитриевского»";"2019";"проект";"метро";"";"";"";
"200";"Транспортно-пересадочный узел «Алма-Атинская» (к)";"1770030";"Южный административный округ";"район Братеево";"станция метро «Алма-Атинская»";"2019";"проект";"метро";"";"";"";
"213";"Транспортно-пересадочный узел «Новогиреево» (п)";"1770031";"Восточный административный округ";"район Новогиреево";"станция метро «Новогиреево»";"2020";"проект";"метро";"";"";"";
"214";"Транспортно-пересадочный узел «Щелковская»";"1770032";"Восточный административный округ";"район Гольяново";"станция метро «Щёлковская»";"2020";"проект";"Метро; перехватывающая парковка";"600";"";"";
"215";"Транспортно-пересадочный узел «Таганская» (п)";"1770033";"Центральный административный округ";"Таганский район";"станция метро «Таганская»";"2020";"проект";"Метро; станция железной дороги; автовокзал";"";"";"";
"216";"Транспортно-пересадочный узел «Тушинская» (к)";"1770034";"Северо-Западный административный округ";"район Покровское-Стрешнево";"станция метро «Тушинская», платформа «Тушинская»";"2020";"проект";"Метро; станция железной дороги; автовокзал";"";"";"";
"217";"Транспортно-пересадочный узел «Площадь Ильича» (п)";"1770035";"Центральный административный округ";"Таганский район";"станция метро «Площадь Ильича», платформа «Площадь Ильича»";"2020";"проект";"метро; пригородная железная дорога";"";"";"";
"218";"Транспортно-пересадочный узел «Авиамоторная» (к)";"1770036";"Юго-Восточный административный округ";"район Лефортово";"станция метро «Авиамоторная»";"2019";"проект";"Метро; перехватывающая парковка; станция железной дороги";"290";"";"";
"219";"Транспортно-пересадочный узел «Петровско-Разумовская» (к)";"1770037";"Северный административный округ";"Тимирязевский район";"станция метро «Петровско-Разумовская»";"2018";"проект";"Метро; перехватывающая парковка; станция железной дороги";"210";"";"";
"220";"Транспортно-пересадочный узел «Царицыно» (к)";"1770038";"Южный административный округ";"район Царицыно";"станция метро «Царицыно»";"2020";"проект";"Метро; перехватывающая парковка; станция железной дороги";"470";"";"";
"221";"Транспортно-пересадочный узел «Текстильщики» (к)";"1770039";"Юго-Восточный административный округ";"район Текстильщики";"станция метро «Текстильщики»";"2020";"проект";"Метро; перехватывающая парковка; станция железной дороги";"250";"";"";
"222";"Транспортно-пересадочный узел «Сходненская» (п)";"1770040";"Северо-Западный административный округ";"район Северное Тушино";"станция метро «Сходненская»";"2020";"проект";"метро";"";"";"";
"223";"Транспортно-пересадочный узел «Бабушкинская» (п)";"1770041";"Северо-Восточный административный округ";"Бабушкинский район";"станция метро «Бабушкинская»";"2020";"проект";"метро; перехватывающая парковка";"380";"";"";
"224";"Транспортно-пересадочный узел «Красногвардейская» (п)";"1770042";"Южный административный округ";"район Зябликово";"станция метро «Красногвардейская»";"2020";"проект";"Метро; перехватывающая парковка; автовокзал";"140";"";"";
"225";"Транспортно-пересадочный узел «Тимирязевская» (к)";"1770043";"Северный административный округ";"Тимирязевский район";"станция метро «Тимирязевская»";"2020";"проект";"Метро; перехватывающая парковка; станция железной дороги";"350";"";"";
"226";"Транспортно-пересадочный узел «Молодежная» (к)";"1770044";"Западный административный округ";"район Кунцево";"станция метро «Молодёжная»";"2020";"проект";"Метро; перехватывающая парковка";"";"";"";
"227";"Транспортно-пересадочный узел «Теплый Стан» (к)";"1770045";"Юго-Западный административный округ";"район Ясенево";"станция метро «Тёплый Стан»";"2020";"проект";"Метро; перехватывающая парковка; автовокзал";"210";"";"";
"229";"Транспортно-пересадочный узел «Щукинская» (к)";"1770047";"Северо-Западный административный округ";"район Щукино";"станция метро «Щукинская»";"2020";"проект";"метро";"";"";"";
"230";"Транспортно-пересадочный узел «Электрозаводская» (к)";"1770048";"Восточный административный округ";"район Соколиная Гора";"станция метро «Электрозаводская»";"2020";"проект";"Метро; станция железной дороги";"90";"";"";
"232";"Транспортно-пересадочный узел «Нагатинская» (к)";"1770049";"Южный административный округ";"Нагорный район";"станция метро «Нагатинская»";"2020";"проект";"Метро; станция железной дороги";"";"";"";
"233";"Транспортно-пересадочный узел «Семеновская» (п)";"1770050";"Восточный административный округ";"район Соколиная Гора";"станция метро «Семеновская»";"2020";"проект";"метро; перехватывающая парковка";"100";"";"";
"234";"Транспортно-пересадочный узел «Славянский бульвар» (к)";"1770051";"Западный административный округ";"район Фили-Давыдково";"станция метро «Слявянский бульвар»";"2020";"проект";"Метро; перехватывающая парковка";"330";"";"";
"235";"Транспортно-пересадочный узел «Дмитровская» (к)";"1770052";"Северный административный округ";"Тимирязевский район";"станция метро «Дмитровская»";"2020";"построен";"Метро; перехватывающая парковка; станция железной дороги";"160";"";"";
"236";"Транспортно-пересадочный узел «Кунцевская» (к)";"1770053";"Западный административный округ";"район Кунцево";"станция метро «Кунцевская»";"2020";"проект";"Метро; перехватывающая парковка; станция железной дороги";"";"";"";
"237";"Транспортно-пересадочный узел «Варшавская» (к)";"1770054";"Южный административный округ";"Нагорный район";"станция метро «Варшавская»";"2020";"проект";"Метро; станция железной дороги; автовокзал";"";"";"";
"269";"Транспортно-пересадочный узел «Пионерская» (п)";"1770055";"Западный административный округ";"район Фили-Давыдково";"станция метро «Пионерская»";"2014";"построен";"метро; перехватывающая парковка";"";"";"";
"202";"Транспортно-пересадочный узел «Пятницкое шоссе» (к)";"1770057";"Северо-Западный административный округ";"район Митино";"станция метро «Пятницкое шоссе»";"2018";"проект";"Метро; перехватывающая парковка";"2100";"";"";
"203";"Транспортно-пересадочный узел «Битцевский парк» (к)";"1770058";"Юго-Западный административный округ";"район Ясенево";"станция метро «Новоясеневская»";"2018";"проект";"метро";"";"";"";
"205";"Транспортно-пересадочный узел «Тропарево» (к)";"1770060";"Юго-Западный административный округ";"район Тёплый Стан";"станция метро «Тропарево»";"2019";"проект";"метро";"";"";"";
"208";"Транспортно-пересадочный узел «Лермонтовский проспект» (к)";"1770063";"Юго-Восточный административный округ";"район Выхино-Жулебино";"станция метро «Лермонтовский проспект»";"2020";"проект";"Метро; перехватывающая парковка";"";"";"";
"209";"Транспортно-пересадочный узел «Лефортово» (к)";"1770064";"Юго-Восточный административный округ";"район Лефортово";"станция метро «Лефортово»";"2020";"проект";"метро";"";"";"";
"210";"Транспортно-пересадочный узел «Спартак»";"1770065";"Северо-Западный административный округ";"район Покровское-Стрешнево";"станция метро «Спартак»";"2015";"проект";"метро";"";"";"";
"254";"Транспортно-пересадочный узел «Маленковская» (п)";"1770066";"Северо-Восточный административный округ";"Алексеевский район";"платформа «Маленковская»";"2020";"проект";"пригородная железная дорога";"";"";"";
"255";"Транспортно-пересадочный узел «Речной вокзал» (п)";"1770067";"Северный административный округ";"район Левобережный";"станция метро «Речной вокзал»";"2014";"построен";"метро; перехватывающая парковка";"";"";"";
"211";"Транспортно-пересадочный узел «Лесопарковая» (к)";"1770068";"Южный административный округ";"район Чертаново Южное";"станция метро «Лесопарковая»";"2018";"проект";"Метро";"";"";"";
"212";"Транспортно-пересадочный узел «Выхино» (к)";"1770069";"Юго-Восточный административный округ";"район Выхино-Жулебино";"станция метро «Выхино», платформа «Выхино»";"2019";"проект";"метро; перехватывающая парковка; пригородная железная дорога";"320";"";"";
"240";"Транспортно-пересадочный узел «Орехово» (к)";"1770070";"Южный административный округ";"район Орехово-Борисово Северное";"станция метро «Орехово»";"2018";"проект";"метро; перехватывающая парковка";"";"";"";
"241";"Транспортно-пересадочный узел «Люблино» (к)";"1770071";"Юго-Восточный административный округ";"район Люблино";"станция метро «Люблино»";"2020";"проект";"Метро, перехватывающая парковка";"";"";"";
"242";"Транспортно-пересадочный узел «Волгоградский проспект» (к)";"1770072";"Юго-Восточный административный округ";"Южнопортовый район";"станция метро «Волгоградский проспект»";"2020";"проект";"метро";"";"";"";
"243";"Транспортно-пересадочный узел «Фили» (к)";"1770073";"Западный административный округ";"район Филёвский Парк";"станция метро «Фили», платформа «Фили»";"2020";"проект";"Метро; станция железной дороги";"";"";"";
"244";"Транспортно-пересадочный узел «Лосиноостровская» (к)";"1770074";"Северо-Восточный административный округ";"Ярославский район";"платформа «Лосиноостровская»";"2020";"проект";"Станция железной дороги";"";"";"";
"245";"Транспортно-пересадочный узел «Новогиреево» (2)";"1770075";"Восточный административный округ";"район Новогиреево";"платформа «Новогиреево»";"2020";"проект";"пригородная железная дорога";"";"";"";
"246";"Транспортно-пересадочный узел «Бирюлево-Пассажирская» (к)";"1770076";"Южный административный округ";"район Бирюлёво Западное";"платформа «Бирюлево-Пассажирская»";"2020";"проект";"пригородная железная дорога";"";"";"";
"247";"Транспортно-пересадочный узел «Филевский парк» (к)";"1770077";"Западный административный округ";"район Фили-Давыдково";"станция метро «Филёвский парк»";"2020";"проект";"метро";"";"";"";
"248";"Транспортно-пересадочный узел «Бирюлево-Товарная» (к)";"1770078";"Южный административный округ";"район Бирюлёво Западное";"платформа «Бирюлево-Товарная»";"2020";"проект";"пригородная железная дорога";"";"";"";
"249";"Транспортно-пересадочный узел «Матвеевское» (п)";"1770079";"Западный административный округ";"район Очаково-Матвеевское";"платформа «Матвеевская»";"2020";"проект";"пригородная железная дорога";"";"";"";
"250";"Транспортно-пересадочный узел «Пионерская» (к)";"1770080";"Западный административный округ";"район Фили-Давыдково";"станция метро «Пионерская»";"2020";"проект";"метро; перехватывающая парковка";"130";"";"";
"251";"Транспортно-пересадочный узел «Дегунино» (п)";"1770081";"Северо-Восточный административный округ";"район Отрадное";"платформа «Дегунино»";"2020";"проект";"пригородная железная дорога";"";"";"";
"252";"Транспортно-пересадочный узел «Очаково 1» (п)";"1770082";"Западный административный округ";"район Очаково-Матвеевское";"платформа «Очаково»";"2021";"проект";"пригородная железная дорога";"";"";"";
"253";"Транспортно-пересадочный узел «Ховрино» (к) (2)";"1770083";"Северный административный округ";"район Ховрино";"платформа «Ховрино»";"2020";"проект";"Станция железной дороги";"";"";"";
"257";"Транспортно-пересадочный узел «Алтуфьево» (п)";"1770085";"Северо-Восточный административный округ";"район Бибирево";"станция метро «Алтуфьево»";"2014";"построен";"метро; перехватывающая парковка";"";"";"";
"258";"Транспортно-пересадочный узел «Войковская» (п)";"1770086";"Северный административный округ";"Войковский район";"станция метро «Войковская»";"2014";"построен";"метро; перехватывающая парковка; московское центральное кольцо; пригородная железная дорога";"";"";"";
"259";"Транспортно-пересадочный узел «ВДНХ» (п)";"1770087";"Северо-Восточный административный округ";"Алексеевский район";"станция метро «ВДНХ»";"2014";"построен";"метро; перехватывающая парковка; автовокзал";"";"";"";
"263";"Транспортно-пересадочный узел «Щукинская» (п)";"1770091";"Северо-Западный административный округ";"район Щукино";"станция метро «Щукинская»";"2014";"построен";"метро";"";"";"";
"265";"Транспортно-пересадочный узел «Перово» (п) (2)";"1770093";"Восточный административный округ";"район Перово";"станция метро «Перово»";"2014";"построен";"метро; перехватывающая парковка";"";"";"";
"267";"Транспортно-пересадочный узел «Люблино» (п) (1)";"1770094";"Юго-Восточный административный округ";"район Люблино";"станция метро «Люблино»";"2014";"построен";"метро; перехватывающая парковка";"";"";"";
"268";"Транспортно-пересадочный узел «Филевский парк» (п)";"1770095";"Западный административный округ";"район Филёвский Парк";"станция метро «Филёвский парк»";"2014";"построен";"метро";"";"";"";
"170";"Транспортно-пересадочный узел «ВДНХ» (к)";"1770096";"Северо-Восточный административный округ";"Останкинский район";"станция метро «ВДНХ»";"2018";"проект";"Метро; перехватывающая парковка";"400";"";"";
"171";"Транспортно-пересадочный узел «Новокосино» (к)";"1770097";"Восточный административный округ";"район Новокосино";"станция метро «Новокосино»";"2018";"проект";"метро; перехватывающая парковка";"3400";"";"";
"174";"Транспортно-пересадочный узел «Саларьево»";"1770099";"Западный административный округ";"район Солнцево";"станция метро «Саларьево»";"2017";"проект";"метро; перехватывающая парковка; автовокзал";"3800";"";"";
"176";"Транспортно-пересадочный узел «Некрасовка» (к)";"1770101";"Юго-Восточный административный округ";"район Некрасовка";"станция метро «Некрасовка»";"2018";"проект";"метро";"";"";"";
"178";"Транспортно-пересадочный узел «Дегунино» (к)";"1770103";"Северный административный округ";"Дмитровский район";"станция метро «Дегунино»";"2020";"проект";"метро; перехватывающая парковка";"470";"";"";
"179";"Транспортно-пересадочный узел «Севастопольский проспект» (к) (2)";"1770104";"Южный административный округ";"Донской район";"станция метро «Севастопольский проспект»";"2020";"проект";"метро";"";"";"";
"181";"Транспортно-пересадочный узел «Технопарк» (к)";"1770106";"Южный административный округ";"Даниловский район";"станция метро «Технопарк»";"2020";"проект";"метро";"";"";"";
"182";"Транспортно-пересадочный узел «Котельники» (к)";"1770107";"Юго-Восточный административный округ";"район Выхино-Жулебино";"станция метро «Котельники»";"2019";"проект";"Метро; перехватывающая парковка; автовокзал";"";"";"";
"185";"Транспортно-пересадочный узел «Аминьевское шоссе» (к)";"1770110";"Западный административный округ";"район Очаково-Матвеевское";"станция метро «Аминьевское шоссе»";"2019";"проект";"Метро; автовокзал";"";"";"";
"271";"Транспортно-пересадочный узел «Академическая» (к)";"170429968";"Юго-Западный административный округ";"Академический район";"станция метро «Академическая»";"2018";"проект";"Метро; перехватывающая парковка";"";"";"";
"273";"Транспортно-пересадочный узел «Аэропорт» (к)";"170429970";"Северный административный округ";"район Аэропорт";"станция метро «Аэропорт»";"2018";"проект";"Метро; перехватывающая парковка";"";"";"";
"275";"Транспортно-пересадочный узел «Беговая» (к)";"170429972";"Северный административный округ";"Хорошёвский район";"станция метро «Беговая»";"2018";"проект";"Метро; станция железной дороги";"";"";"";
"276";"Транспортно-пересадочный узел «Беляево» (к)";"170429973";"Юго-Западный административный округ";"район Коньково";"станция метро «Беляево»";"2018";"проект";"Метро; перехватывающая парковка";"";"";"";
"277";"Транспортно-пересадочный узел «Бибирево» (к)";"170429974";"Северо-Восточный административный округ";"район Бибирево";"станция метро «Бибирево»";"2018";"проект";"Метро; перехватывающая парковка";"";"";"";
"278";"Транспортно-пересадочный узел «Борисово» (к)";"170429975";"Южный административный округ";"район Братеево";"станция метро «Борисово»";"2018";"проект";"Метро; перехватывающая парковка";"";"";"";
"279";"Транспортно-пересадочный узел «Братиславская» (к)";"170429976";"Юго-Восточный административный округ";"район Марьино";"станция метро «Братиславская»";"2018";"проект";"Метро; перехватывающая парковка";"";"";"";
"280";"Транспортно-пересадочный узел «Бульвар адмирала Ушакова» (к)";"170429977";"Юго-Западный административный округ";"район Южное Бутово";"станция метро «Бульвар адмирала Ушакова»";"2018";"проект";"Метро; перехватывающая парковка";"";"";"";
"281";"Транспортно-пересадочный узел «Бульвар Дмитрия Донского» (к)";"170429978";"Юго-Западный административный округ";"район Северное Бутово";"станция метро «Бульвар Дмитрия Донского»";"2020";"проект";"Метро; перехватывающая парковка";"";"";"";
"282";"Транспортно-пересадочный узел «Бунинская аллея» (к)";"170429979";"Юго-Западный административный округ";"район Южное Бутово";"станция метро «Бунинская аллея»";"2018";"проект";"Метро";"";"";"";
"284";"Транспортно-пересадочный узел «Домодедовская» (к)";"170429981";"Южный административный округ";"район Орехово-Борисово Южное";"станция метро «Домодедовская»";"2020";"проект";"Метро; перехватывающая парковка";"";"";"";
"285";"Транспортно-пересадочный узел «Дубровка» (к) (1)";"170429982";"Юго-Восточный административный округ";"Южнопортовый район";"станция метро «Дубровка»";"2018";"проект";"Метро";"";"";"";
"286";"Транспортно-пересадочный узел «Жулебино» (к)";"170429983";"Юго-Восточный административный округ";"район Выхино-Жулебино";"станция метро «Жулебино»";"2020";"проект";"Метро; перехватывающая парковка";"";"";"";
"287";"Транспортно-пересадочный узел «Измайловская» (к)";"170429984";"Восточный административный округ";"район Измайлово";"станция метро «Измайловская»";"2018";"проект";"Метро; перехватывающая парковка";"";"";"";
"288";"Транспортно-пересадочный узел «Кантемировская» (к)";"170429985";"Южный административный округ";"район Царицыно";"станция метро «Кантемировская»";"2018";"проект";"Метро; перехватывающая парковка";"";"";"";
"289";"Транспортно-пересадочный узел «Каширская» (к)";"170429986";"Южный административный округ";"район Нагатино-Садовники";"станция метро «Каширская»";"2018";"проект";"Метро; перехватывающая парковка";"";"";"";
"290";"Транспортно-пересадочный узел «Кожуховская» (к)";"170429987";"Юго-Восточный административный округ";"Южнопортовый район";"станция метро «Кожуховская»";"2018";"проект";"Метро; перехватывающая парковка";"";"";"";
"291";"Транспортно-пересадочный узел «Коломенская» (к)";"170429988";"Южный административный округ";"район Нагатинский Затон";"станция метро «Коломенская»";"2020";"проект";"Метро";"";"";"";
"294";"Транспортно-пересадочный узел «Митино» (к)";"170429991";"Северо-Западный административный округ";"район Митино";"станция метро «Митино»";"2018";"проект";"Метро";"";"";"";
"295";"Транспортно-пересадочный узел «Нагорная» (к)";"170429992";"Южный административный округ";"Нагорный район";"станция метро «Нагорная»";"2018";"проект";"Метро; перехватывающая парковка";"";"";"";
"296";"Транспортно-пересадочный узел «Нахимовский проспект» (к)";"170429993";"Юго-Западный административный округ";"район Зюзино";"станция метро «Нахимовский проспект»";"2018";"проект";"Метро";"";"";"";
"297";"Транспортно-пересадочный узел «Новогиреево» (к)";"170429994";"Восточный административный округ";"район Новогиреево";"станция метро «Новогиреево»";"2020";"проект";"Метро";"";"";"";
"300";"Транспортно-пересадочный узел «Профсоюзная» (к)";"170429997";"Юго-Западный административный округ";"Академический район";"станция метро «Профсоюзная»";"2018";"проект";"Метро; перехватывающая парковка";"";"";"";
"301";"Транспортно-пересадочный узел «Свиблово» (к)";"170429998";"Северо-Восточный административный округ";"район Свиблово";"станция метро «Свиблово»";"2018";"проект";"Метро; перехватывающая парковка";"";"";"";
"303";"Транспортно-пересадочный узел «Строгино» (к)";"170430000";"Северо-Западный административный округ";"район Строгино";"станция метро «Строгино»";"2018";"проект";"Метро; перехватывающая парковка";"";"";"";
"304";"Транспортно-пересадочный узел «Тульская» (к)";"170430001";"Южный административный округ";"Даниловский район";"станция метро «Тульская»";"2020";"проект";"Метро";"";"";"";
"306";"Транспортно-пересадочный узел «Улица Горчакова» (к)";"170430003";"Юго-Западный административный округ";"район Южное Бутово";"станция метро «Улица Горчакова»";"2018";"проект";"Метро";"";"";"";
"307";"Транспортно-пересадочный узел «Чертановская» (к)";"170430004";"Южный административный округ";"район Чертаново Северное";"станция метро «Чертановская»";"2018";"проект";"Метро";"";"";"";
"308";"Транспортно-пересадочный узел «Шипиловская» (к)";"170430005";"Южный административный округ";"район Зябликово";"станция метро «Шипиловская»";"2018";"проект";"Метро; перехватывающая парковка";"";"";"";
"309";"Транспортно-пересадочный узел «Юго-Западная» (к)";"170430006";"Западный административный округ";"район Тропарёво-Никулино";"станция метро «Юго-Западная»";"2020";"проект";"Метро; перехватывающая парковка";"";"";"";
"310";"Транспортно-пересадочный узел «Южная» (к)";"170430007";"Южный административный округ";"район Чертаново Северное";"станция метро «Южная»";"2018";"проект";"Метро; перехватывающая парковка";"";"";"";
"311";"Транспортно-пересадочный узел «Боровское шоссе» (к)";"170430008";"Западный административный округ";"район Ново-Переделкино";"станция метро «Боровское шоссе»";"2018";"проект";"Метро";"";"";"";
"314";"Транспортно-пересадочный узел «Долгопрудная» (к)";"170430011";"Северо-Восточный административный округ";"район Северный";"платформа «Долгопрудная»";"2020";"проект";"Станция железной дороги, перехватывающая парковка";"";"";"";
"316";"Транспортно-пересадочный узел «Коммунарка» (к)";"170430013";"Троицкий административный округ";"поселение Краснопахорское";"станция метро «Коммунарка»";"2019";"проект";"Метро";"";"";"";
"317";"Транспортно-пересадочный узел «Красный строитель» (к)";"170430014";"Южный административный округ";"район Чертаново Южное";"платформа «Красный строитель»";"2020";"проект";"Станция железной дороги";"";"";"";
"318";"Транспортно-пересадочный узел «Лухмановская» (к)";"170430015";"Восточный административный округ";"район Косино-Ухтомский";"станция метро «Лухмановская»";"2019";"проект";"Метро; перехватывающая парковка; автовокзал";"";"";"";
"321";"Транспортно-пересадочный узел «Мневники» (к)";"170430018";"Северо-Западный административный округ";"район Хорошёво-Мнёвники";"станция метро «Мневники»";"2019";"проект";"Метро";"";"";"";
"323";"Транспортно-пересадочный узел «Озерная» (к)";"170430020";"Западный административный округ";"район Очаково-Матвеевское";"станция метро «Озёрная»";"2019";"строится";"Метро";"";"";"";
"324";"Транспортно-пересадочный узел «Павелецкий» (к)";"170430021";"Центральный административный округ";"район Замоскворечье";"Павелецкий вокзал";"2020";"проект";"Станция железной дороги; перехватывающая парковка";"";"";"";
"325";"Транспортно-пересадочный узел «Парк Победы» (к)";"170430022";"Западный административный округ";"район Дорогомилово";"станция метро «Парк Победы»";"2019";"построен";"Метро";"";"";"";
"326";"Транспортно-пересадочный узел «Печатники» (к)";"170430023";"Юго-Восточный административный округ";"район Печатники";"станция метро «Печатники»";"2018";"проект";"Метро; перехватывающая парковка";"";"";"";
"330";"Транспортно-пересадочный узел «Столбово» (к)";"170430027";"Троицкий административный округ";"поселение Роговское";"станция метро «Столбово»";"2019";"проект";"Метро";"";"";"";
"331";"Транспортно-пересадочный узел «Терехово» (к)";"170430028";"Северо-Западный административный округ";"район Хорошёво-Мнёвники";"станция метро «Терехово»";"2019";"проект";"Метро";"";"";"";
"333";"Транспортно-пересадочный узел «Улица Академика Опарина» (к)";"170430030";"Юго-Западный административный округ";"район Коньково";"станция метро «Улица Академика Опарина»";"2019";"проект";"Метро";"";"";"";
"334";"Транспортно-пересадочный узел «Улица генерала Тюленева» (к)";"170430031";"Юго-Западный административный округ";"район Тёплый Стан";"станция метро «Улица генерала Тюленева»";"2019";"проект";"Метро";"";"";"";
"335";"Транспортно-пересадочный узел «Улица Минская» (к)";"170430032";"Западный административный округ";"район Очаково-Матвеевское";"станция метро «Улица Минская»";"2020";"проект";"Метро";"";"";"";
"337";"Транспортно-пересадочный узел «Ховрино» (к) (1)";"170430034";"Северный административный округ";"район Ховрино";"станция метро «Ховрино»";"2018";"проект";"Метро; перехватывающая парковка; автовокзал";"";"";"";
"338";"Транспортно-пересадочный узел «Юго-Восточная» (к)";"170430035";"Юго-Восточный административный округ";"район Выхино-Жулебино";"станция метро «Юго-Восточная»";"2018";"проект";"Метро; перехватывающая парковка";"";"";"";
"339";"Транспортно-пересадочный узел «Белорусский» (к)";"170430036";"Центральный административный округ";"Тверской район";"Белорусский вокзал";"2020";"проект";"Станция железной дороги; перехватывающая парковка";"";"";"";
"340";"Транспортно-пересадочный узел «Курская» (к)";"170430037";"Центральный административный округ";"Басманный район";"станция метро «Курская»";"2020";"проект";"Метро; станция железной дороги";"";"";"";
"341";"Транспортно-пересадочный узел «Лианозово» (к)";"170430038";"Северо-Восточный административный округ";"район Лианозово";"платформа «Лианозово»";"2020";"проект";"Станция железной дороги";"";"";"";
"342";"Транспортно-пересадочный узел «Лось» (к)";"170430039";"Северо-Восточный административный округ";"Лосиноостровский район";"платформа «Лось»";"2020";"проект";"Станция железной дороги";"";"";"";
"343";"Транспортно-пересадочный узел «Ивановское» (к)";"170430040";"Восточный административный округ";"район Ивановское";"автостанция";"2020";"проект";"Ускоренный трамвай; перехватывающая парковка";"";"";"";
"344";"Транспортно-пересадочный узел «Северный» (к)";"170430041";"Северо-Восточный административный округ";"район Северный";"автостанция";"2020";"проект";"Ускоренный трамвай; перехватывающая парковка";"";"";"";
"345";"Транспортно-пересадочный узел «Холмогорская» (к)";"170430042";"Северо-Восточный административный округ";"Лосиноостровский район";"автостанция";"2020";"проект";"Ускоренный трамвай; перехватывающая парковка";"";"";"";
"348";"Транспортно-пересадочный узел «Саларьево» (к)";"170430045";"Западный административный округ";"район Раменки";"станция метро «Мичуринский проспект»";"2018";"проект";"Метро; перехватывающая парковка";"";"";"";
"349";"Транспортно-пересадочный узел «Солнечная» (к)";"860862615";"Западный административный округ";"район Солнцево";"платформа «Солнечная»";"2017";"построен";"Железнодорожная станция Киевского направления Московской железной дороги";"30";"";"";
